name,tube,ratio=0.01,ratio=0.1,ratio=0.2,ratio=0.4,ratio=0.6,ratio=0.8,ratio=0.99
bent_01.obj,0.32128626869654797,1.4779413407321593,1.4550624516175645,1.4274003794847725,1.3656917123244918,1.2995918131377064,1.2322929549345916,1.168821662336288
bent_02.obj,0.4925716437445552,1.4902775136650852,1.4686023480239536,1.4435904503542105,1.392295364144545,1.3409501989895514,1.2906262367188719,1.244732180753886
bent_03.obj,0.34495720453654655,1.3472215594406043,1.3270913501817438,1.30451284439005,1.2590105601619601,1.21352182663078,1.1680242005241535,1.1255898367613164
bent_noise_01.obj,0.4202561527494899,1.5124476472067114,1.489837407283666,1.462705023353771,1.4028228023750353,1.337725847423607,1.2703835467208313,1.20817986931956
bent_noise_02.obj,0.36598324557409234,1.514985912933594,1.493066628944087,1.4666067126664468,1.407449652733187,1.3413700269919835,1.272330148952314,1.2103028072478719
bent_noise_03.obj,0.6998307553619131,1.6330889642370319,1.6118769726599622,1.5869804600232054,1.53390119280614,1.4779076703334428,1.4213330759355358,1.3709457297093286
bent_noise_04.obj,0.6763897848945687,1.6433785157874048,1.622808042993343,1.5983441543833536,1.544621373941031,1.4864610567789025,1.4268600867336871,1.3729217063336872
bent_noise_05.obj,0.635955979881725,1.4661370199983237,1.44898454499206,1.429753201795908,1.3908768575222363,1.3517038826284675,1.3135397587948852,1.2800767336582608
bent_noise_06.obj,0.7640183422479828,1.6457689555791413,1.6259452178342448,1.602945187442013,1.554503449553549,1.503745296090947,1.4531859813011774,1.4079985224268443
bent_noise_07.obj,1.050191524765291,1.8748401218692412,1.8587116465651554,1.836965393892912,1.7828012483004578,1.7166021273594647,1.64327884596638,1.5758613371427763
bent_noise_08.obj,0.4973855155331206,1.565887033279634,1.5445840989807762,1.519258569437323,1.4639653666978618,1.4038718582866123,1.3428507644479606,1.2882438215759624
straight_01.obj,0.007290929701627662,1.4898583958980258,1.4688606379179132,1.442183050872271,1.3781387814071828,1.2996977847922475,1.2067171542177042,1.1046943988204907
straight_02.obj,0.007953659035798514,1.407775273462466,1.3831416967447938,1.353923800109813,1.2895043794037917,1.216922321872395,1.1357744689052922,1.050316051848074
straight_03.obj,0.007132788208936486,1.4050609251721837,1.3804341798553856,1.3512271254385222,1.2869554033407524,1.2145165386694863,1.1334514201253176,1.048056351197762
straight_noise_01.obj,0.1390318160775663,1.5472846231731223,1.5302509465826006,1.507473617772488,1.4499155107789239,1.3771840031830676,1.2914680427035694,1.2022956562793885
straight_noise_02.obj,0.07964881216020925,1.3394518884175186,1.3165670661367872,1.2901225841538455,1.2338899620188266,1.1734561373383512,1.1092715621809548,1.0463608466300083
straight_noise_03.obj,0.06671107655184767,1.523284744314518,1.5108734740916216,1.491843245300387,1.4373427735879354,1.3614557898498503,1.2657578987330063,1.1608797531700998
straight_noise_04.obj,0.11489760364546302,1.5316359906621697,1.5118835600083549,1.4868205528512786,1.4268023608121492,1.3539733860407797,1.2696503077612715,1.1818511732207257
straight_noise_05.obj,0.16286844428048614,1.449030633897706,1.425372261162001,1.397441461230055,1.3362425606219104,1.2681815169000326,1.1943068048866146,1.1215278339259096
straight_noise_06.obj,0.22847978179723327,1.565118920017062,1.5556168027978545,1.5396627953256468,1.4910433691378586,1.4215607639674388,1.3336060687120521,1.2385666078154747
straight_noise_07.obj,0.08156090313538486,1.4059574654118445,1.3820518948573959,1.3540169809404676,1.2932389278136593,1.22609273265956,1.153091654683557,1.079817617624865
tapered_01.obj,0.18989769375406634,1.4870806942695614,1.4676251215113496,1.4423306701634968,1.380049948699305,1.302085110828295,1.208294868583832,1.1083201263565061
tapered_02.obj,0.18947780254659513,1.454235761760932,1.43584977043767,1.4116050970633622,1.3510210076804587,1.2742397689148266,1.1812519693748844,1.0819110928864377
tapered_03.obj,0.14119856847884463,1.297656440087953,1.2754741784069155,1.2488605930772336,1.1892983752510558,1.1211079021267087,1.0439081955541292,0.9621769211860927
tapered_noise_01.obj,0.3735015273413998,1.3432336750520115,1.329668060609019,1.3113304174069043,1.2645570347768555,1.205011212779111,1.1346084074344696,1.062394500534343
tapered_noise_02.obj,0.158257038832031,1.4673999427767166,1.448804749893744,1.4247545743026089,1.3661661244410326,1.2942866446307517,1.210184673982275,1.1227225712698026
tapered_noise_03.obj,0.22113658976865416,1.5052179358847029,1.486195649290719,1.4614823441105758,1.4008531680378127,1.3253700706833982,1.2366714810198636,1.1438648264765185
tapered_noise_04.obj,0.3213932410748336,1.4866543083818162,1.468952995723066,1.4458140958593448,1.388688175742309,1.3174203607866792,1.2338214537044736,1.147277804967415
tapered_noise_05.obj,0.19024359567366528,1.384922369403898,1.3618770837953327,1.3347535600287272,1.2756278142500328,1.2101856922244787,1.1389273323705944,1.0679318064784926
tapered_noise_06.obj,0.255154709429593,1.445728586467137,1.4264362359051346,1.4020029312986793,1.3436370494027876,1.2728541165384646,1.1907640188500364,1.1058608603561781
tapered_noise_07.obj,0.2419983063414638,1.4850045787199622,1.4673630909240467,1.4441043958235644,1.3862301896590365,1.3136718134071728,1.2279049712121424,1.1392774164900075
wavy_01.obj,0.3533760292417135,1.4970429454690215,1.4749150975083913,1.447369597866581,1.38253604609782,1.3042150371811458,1.2207366288575499,1.1496434593737497
wavy_02.obj,0.8667385008125463,1.506137415036459,1.484773258205824,1.4593850325968971,1.4125216041721522,1.364972274151989,1.322043892390124,1.2860430585049232
wavy_03.obj,0.5607989998232618,1.265055790470624,1.2445095131671706,1.2217891282468865,1.175840335904713,1.1347552291481895,1.096813758362405,1.063971092420907
wavy_noise_01.obj,0.8469625641215989,1.6739923558809704,1.6538241832669818,1.6293557308079538,1.5742758471393588,1.5120881367310404,1.4457842117988726,1.3864185760863552
wavy_noise_02.obj,0.7612240387460775,1.5952478550443265,1.5742642825666908,1.5489459991032606,1.4925563203483803,1.4294402827455306,1.3622966833889483,1.3034235097155924
wavy_noise_03.obj,0.9080515078866777,1.5611006592003491,1.5396144193251813,1.5145590384781487,1.4645407460404924,1.414887078995679,1.3679380849918201,1.3312252474504707
wavy_noise_04.obj,0.6063303651634864,1.371606531876774,1.3497055786780137,1.3247901353407827,1.273491286897305,1.222856655543256,1.1763372899722082,1.1374241594814791
wavy_noise_05.obj,0.3723061008681967,1.506955237450153,1.485345580493334,1.458388013914094,1.3950726728099108,1.3198922286216503,1.2373980874389343,1.1628256464635158
wavy_noise_06.obj,0.5705452027091548,1.5482578414440327,1.527167782914029,1.5012384466420943,1.441906741667968,1.37405628740926,1.3022429874690709,1.2363788185704463
wavy_noise_07.obj,1.0505027064033496,1.5892048624717952,1.5705102296125664,1.549418142071301,1.5086109036813142,1.4689251546781483,1.432317469276762,1.4006928797882858
wavy_noise_08.obj,0.46100440156002204,1.451702652402373,1.4279267917843501,1.4000882655630988,1.3402211890854423,1.2757490181049793,1.2097925198284356,1.1477171398931614
